experiment;TF;Chip_pos;Barcode;approved
exp1;CAMTA1_DBD;1;CGTATGAA;TRUE
exp1;CAMTA2_DBD;2;GTTACACG;FALSE
exp1;CXXC4_FL;3;AGTTAAAG;FALSE
exp1;FAM200B_DBD;4;CTCAGATA;FALSE
exp1;MSANTD1_FL;5;GACGATGA;TRUE
exp1;POU5F1_FL;6;TCAGGCCA;TRUE
exp1;PRDM10_DBD;7;TTACACGC;TRUE
exp1;PRDM13_DBD;8;GAAATGTG;FALSE
exp1;TIGD4_FL;9;ACGAGTGT;TRUE
exp1;KAT7_DBD;10;ATCGTGGT;FALSE
exp1;ZKSCAN4_DBD;11;TCAGATAT;FALSE
exp1;ZBTB46_DBD;12;CAGGCCAC;FALSE
exp2;TIGD5_DBD;1;CGTATGAA;TRUE
exp2;TIGD5_FL;2;GTTACACG;FALSE
exp2;TPRX1_DBD;3;AGTTAAAG;FALSE
exp2;USF3_DBD;4;CTCAGATA;TRUE
exp2;ZBED4_DBD;5;GACGATGA;FALSE
exp2;ZBTB5_DBD;6;TCAGGCCA;TRUE
exp2;ZBTB8B_FL;7;TTACACGC;FALSE
exp2;ZHX2_FL;8;GAAATGTG;TRUE
exp2;ZNF131_FL;9;ACGAGTGT;FALSE
exp2;PRDM5_DBD;10;ATCGTGGT;FALSE
exp2;ZNF470_DBD;11;TCAGATAT;FALSE
exp2;AKAP8_DBD;12;CAGGCCAC;FALSE
exp3;ZNF142_DBD_1;1;CGTATGAA;FALSE
exp3;ZNF142_DBD_2;2;GTTACACG;FALSE
exp3;ZNF367_FL;3;AGTTAAAG;TRUE
exp3;ZNF395_DBD;4;CTCAGATA;FALSE
exp3;ZNF493_FL;5;GACGATGA;FALSE
exp3;ZNF500_FL;6;TCAGGCCA;FALSE
exp3;ZNF507_FL;7;TTACACGC;FALSE
exp3;ZNF648_DBD;8;GAAATGTG;TRUE
exp3;ZNF780B_DBD_1;9;ACGAGTGT;FALSE
exp3;DACH1_DBD;10;ATCGTGGT;FALSE
exp3;GTF2IRD2B_DBD;11;TCAGATAT;FALSE
exp3;MBD1_DBD;12;CAGGCCAC;FALSE
exp4;CAMTA1_DBD;1;AAGATCC;FALSE
exp4;CAMTA2_DBD;2;ACTTGGA;FALSE
exp4;CXXC4_FL;3;AGAGGAT;TRUE
exp4;FAM200B_DBD;4;CACACAA;TRUE
exp4;MSANTD1_FL;5;CCATTAG;TRUE
exp4;POU5F1_FL;6;CTCTCAG;TRUE
exp4;PRDM10_DBD;7;TAGGAAG;TRUE
exp4;PRDM13_DBD;8;TTCCTCA;TRUE
exp4;TIGD4_FL;9;TGGATGT;TRUE
exp4;KAT7_DBD;10;GATTGGT;FALSE
exp4;ZKSCAN4_DBD;11;GTTAAGG;TRUE
exp4;ZBTB46_DBD;12;GGTTTAC;TRUE
exp5;TIGD5_DBD;1;AAGATCC;FALSE
exp5;ZNF518B_DBD;2;ACTTGGA;FALSE
exp5;TPRX1_DBD;3;AGAGGAT;TRUE
exp5;USF3_DBD;4;CACACAA;FALSE
exp5;ZBED4_DBD;5;CCATTAG;FALSE
exp5;ZBTB5_DBD;6;CTCTCAG;FALSE
exp5;ZBTB8B_FL;7;TAGGAAG;FALSE
exp5;ZHX2_FL;8;TTCCTCA;FALSE
exp5;ZNF131_FL;9;TGGATGT;FALSE
exp5;PRDM5_DBD;10;GATTGGT;FALSE
exp5;ZNF470_DBD;11;GTTAAGG;FALSE
exp5;AKAP8_DBD;12;GGTTTAC;FALSE
exp6;ZNF142_DBD_1;1;AAGATCC;FALSE
exp6;ZNF142_DBD_2;2;ACTTGGA;FALSE
exp6;ZNF367_FL;3;AGAGGAT;TRUE
exp6;ZNF395_DBD;4;CACACAA;FALSE
exp6;ZNF493_FL;5;CCATTAG;FALSE
exp6;ZNF500_FL;6;CTCTCAG;FALSE
exp6;ZNF507_FL;7;TAGGAAG;FALSE
exp6;ZNF648_DBD;8;TTCCTCA;TRUE
exp6;ZNF780B_DBD_1;9;TGGATGT;FALSE
exp6;DACH1_DBD;10;GATTGGT;FALSE
exp6;GTF2IRD2B_DBD;11;GTTAAGG;FALSE
exp6;MBD1_DBD;12;GGTTTAC;TRUE
exp7;ZNF831_DBD;1;AAGATCC;FALSE
exp7;ZXDA_DBD;2;ACTTGGA;FALSE
exp7;ZXDB_DBD;3;AGAGGAT;FALSE
exp7;ZXDB_FL;4;CACACAA;FALSE
exp7;TTF1_DBD;5;CCATTAG;FALSE
exp7;CENPA_FL;6;CTCTCAG;FALSE
exp7;CHCHD3_FL;7;TAGGAAG;FALSE
exp7;DNTTIP1_FL;8;TTCCTCA;FALSE
exp7;DR1_FL;9;TGGATGT;FALSE
exp7;DRAP1_FL;10;GATTGGT;FALSE
exp7;KCNIP3_FL;11;GTTAAGG;FALSE
exp7;KDM5B_DBD;12;GGTTTAC;FALSE
exp8;NCOA1_DBD;1;AAGATCC;FALSE
exp8;NCOA3_DBD;2;ACTTGGA;FALSE
exp8;PCGF6_FL;3;AGAGGAT;FALSE
exp8;PIN1_FL;4;CACACAA;FALSE
exp8;RAG1_DBD;5;CCATTAG;FALSE
exp8;RFX5_FL;6;CTCTCAG;TRUE
exp8;SCML4_FL;7;TAGGAAG;FALSE
exp8;TBPL1_FL;8;TTCCTCA;FALSE
exp8;TERF1_FL;9;TGGATGT;FALSE
exp8;THAP4_DBD;10;GATTGGT;FALSE
exp8;THAP4_FL;11;GTTAAGG;FALSE
exp8;ZNF385A_FL;12;GGTTTAC;FALSE
exp9;FAM200B_DBD;1;AAGATCC;FALSE
exp9;TIGD5_DBD;2;ACTTGGA;TRUE
exp9;ZNF208_DBD_1;3;AGAGGAT;FALSE
exp9;ZNF831_DBD;4;CACACAA;TRUE
exp9;NCOA1_DBD;5;CCATTAG;FALSE
exp9;RFX5_FL;6;CTCTCAG;TRUE
exp9;CAMTA1_DBD;7;TAGGAAG;FALSE
exp9;PRDM10_DBD;8;TTCCTCA;FALSE
exp9;KAT7_DBD;9;TGGATGT;FALSE
exp9;TET2_FL;10;GATTGGT;FALSE
exp9;TET3_FL;11;GTTAAGG;FALSE
exp9;ZNF385A_FL;12;GGTTTAC;FALSE
exp10;MSANTD1_FL;1;AAGATCC;TRUE
exp10;ZNF248_FL;2;ACTTGGA;TRUE
exp10;ZNF552_FL;3;AGAGGAT;TRUE
exp10;ZNF135_FL;4;CACACAA;FALSE
exp10;ZFP1_FL;5;CCATTAG;FALSE
exp10;ZNF8_FL;6;CTCTCAG;TRUE
exp10;ZFP14_FL;7;TAGGAAG;FALSE
exp10;ZNF777_FL;8;TTCCTCA;TRUE
exp10;ZFP57_FL;9;TGGATGT;FALSE
exp10;ZNF256_FL;10;GATTGGT;FALSE
exp10;ZNF283_FL;11;GTTAAGG;FALSE
exp10;ZNF891_FL;12;GGTTTAC;TRUE
exp11;AC092835_DBD;1;AAGATCC;FALSE
exp11;AC092835_FL;2;ACTTGGA;FALSE
exp11;ATMIN_DBD;3;AGAGGAT;FALSE
exp11;ATMIN_FL;4;CACACAA;FALSE
exp11;BHLHA9_FL;5;CCATTAG;FALSE
exp11;CPXCR1_FL;6;CTCTCAG;FALSE
exp11;MBD3_FL;7;TAGGAAG;FALSE
exp11;MYRFL_DBD;8;TTCCTCA;FALSE
exp11;MYRFL_FL;9;TGGATGT;FALSE
exp11;MYSM1_DBD;10;GATTGGT;FALSE
exp11;MYSM1_FL;11;GTTAAGG;FALSE
exp11;ZNF14_FL;12;GGTTTAC;FALSE
exp12;POU5F1_FL;1;AAGATCC;FALSE
exp12;ZNF503_FL;2;ACTTGGA;TRUE
exp12;ZNF703_DBD;3;AGAGGAT;FALSE
exp12;ZNF703_FL;4;CACACAA;FALSE
exp12;ZNF705E_FL;5;CCATTAG;FALSE
exp12;ZNF709_FL;6;CTCTCAG;FALSE
exp12;ZNF888_DBD;7;TAGGAAG;FALSE
exp12;ZNF888_FL;8;TTCCTCA;FALSE
exp12;ZNF92_FL;9;TGGATGT;FALSE
exp12;ZSCAN12_DBD;10;GATTGGT;FALSE
exp12;ZSCAN12_FL;11;GTTAAGG;FALSE
exp12;ZNF503_DBD;12;GGTTTAC;FALSE
exp13;ZBTB46_DBD;1;AAGATCC;FALSE
exp13;ZBED4_DBD;2;ACTTGGA;TRUE
exp13;ZBTB5_DBD;3;AGAGGAT;TRUE
exp13;ZNF131_FL;4;CACACAA;TRUE
exp13;ZNF470_DBD;5;CCATTAG;FALSE
exp13;ZNF518B_DBD;6;CTCTCAG;TRUE
exp13;ZNF395_DBD;7;TAGGAAG;FALSE
exp13;ZNF500_FL;8;TTCCTCA;FALSE
exp13;ZXDB_FL;9;TGGATGT;FALSE
exp13;CHCHD3_FL;10;GATTGGT;FALSE
exp13;DNTTIP1_FL;11;GTTAAGG;FALSE
exp13;DR1_FL;12;GGTTTAC;FALSE
exp14;TPRX1_DBD;1;AAGATCC;FALSE
exp14;DRAP1_FL;2;ACTTGGA;FALSE
exp14;PIN1_FL;3;AGAGGAT;FALSE
exp14;RFX5_FL;4;CACACAA;FALSE
exp14;SCML4_FL;5;CCATTAG;FALSE
exp14;MSANTD1_FL;6;CTCTCAG;FALSE
exp14;THAP4_FL;7;TAGGAAG;FALSE
exp14;POU5F1_FL;8;TTCCTCA;FALSE
exp14;AKAP8_DBD;9;TGGATGT;FALSE
exp14;MBD1_DBD;10;GATTGGT;TRUE
exp14;THAP4rep_FL;11;GTTAAGG;FALSE
exp14;PIN1rep_FL;12;GGTTTAC;FALSE
exp15;ZNF695_FL;1;AAGATCC;TRUE
exp15;ZNF320_FL;2;ACTTGGA;FALSE
exp15;ZNF680_FL;3;AGAGGAT;TRUE
exp15;ZNF671_FL;4;CACACAA;FALSE
exp15;ZNF250_FL;5;CCATTAG;FALSE
exp15;ZNF343_FL;6;CTCTCAG;FALSE
exp15;ZNF587_FL;7;TAGGAAG;FALSE
exp15;ZNF133_FL;8;TTCCTCA;TRUE
exp15;ZNF202_FL;9;TGGATGT;FALSE
exp15;ZNF282_FL;10;GATTGGT;FALSE
exp15;ZNF333_FL;11;GTTAAGG;TRUE
exp15;ZNF324_FL;12;GGTTTAC;FALSE
exp16;ZNF445_FL;1;AAGATCC;TRUE
exp16;ZNF75D_FL;2;ACTTGGA;TRUE
exp16;ZNF793_FL;3;AGAGGAT;TRUE
exp16;ZNF716_FL;4;CACACAA;TRUE
exp16;ZNF688_FL;5;CCATTAG;FALSE
exp16;ZNF18_FL;6;CTCTCAG;TRUE
exp16;ZNF263_FL;7;TAGGAAG;TRUE
exp16;ZNF468_FL;8;TTCCTCA;TRUE
exp16;ZNF525_FL;9;TGGATGT;FALSE
exp16;ZNF23_FL;10;GATTGGT;TRUE
exp16;ZNF10_FL;11;GTTAAGG;FALSE
exp16;ZIM3_FL;12;GGTTTAC;FALSE
exp17;ZNF75A_FL;1;AAGATCC;FALSE
exp17;ZNF417_FL;2;ACTTGGA;FALSE
exp17;ZNF792_FL;3;AGAGGAT;FALSE
exp17;ZNF248_FL;4;CACACAA;TRUE
exp17;ZNF552_FL;5;CCATTAG;FALSE
exp17;ZNF135_FL;6;CTCTCAG;FALSE
exp17;ZFP1_FL;7;TAGGAAG;TRUE
exp17;ZNF8_FL;8;TTCCTCA;FALSE
exp17;ZFP14_FL;9;TGGATGT;TRUE
exp17;ZNF777_FL;10;GATTGGT;TRUE
exp17;ZFP57_FL;11;GTTAAGG;FALSE
exp17;ZNF283_FL;12;GGTTTAC;FALSE
exp18;ZNF891_FL;1;AAGATCC;TRUE
exp18;ZNF614_FL;2;ACTTGGA;TRUE
exp18;TERF1_FL;3;AGAGGAT;FALSE
exp18;THAP4_FL;4;CACACAA;FALSE
exp18;TTF1_DBD;5;CCATTAG;TRUE
exp18;PRDM10_DBD;6;CTCTCAG;FALSE
exp18;ZNF131_FL;7;TAGGAAG;TRUE
exp18;CAMTA2_DBD;8;TTCCTCA;FALSE
exp18;FAM200B_DBD;9;TGGATGT;TRUE
exp18;PRDM13_DBD;10;GATTGGT;FALSE
exp18;ZBTB46_DBD;11;GTTAAGG;TRUE
exp18;PRDM5_DBD;12;GGTTTAC;TRUE
exp19;ZBED4_DBD;1;AAGATCC;TRUE
exp19;ZHX2_FL;2;ACTTGGA;TRUE
exp19;TPRX1_DBD;3;AGAGGAT;TRUE
exp19;ZNF395_DBD;4;CACACAA;TRUE
exp19;ZNF518B_DBD;5;CCATTAG;TRUE
exp19;ZNF831_DBD;6;CTCTCAG;FALSE
exp19;PIN1_FL;7;TAGGAAG;FALSE
exp19;ZNF503_FL;8;TTCCTCA;FALSE
exp19;POU5F1_FL;9;TGGATGT;TRUE
exp19;AC092835_DBD;10;GATTGGT;FALSE
exp19;ATMIN_DBD;11;GTTAAGG;FALSE
exp19;CPXCR1_FL;12;GGTTTAC;FALSE
exp20;ZNF503_DBD;1;AAGATCC;FALSE
exp20;AC092835_FL;2;ACTTGGA;FALSE
exp20;ZNF208_DBD_1;3;AGAGGAT;FALSE
exp20;ATMIN_FL;4;CACACAA;FALSE
exp20;CXXC4_FL;5;CCATTAG;FALSE
exp20;ZKSCAN4_DBD;6;CTCTCAG;TRUE
exp20;CAMTA1_DBD;7;TAGGAAG;TRUE
exp20;ZNF282_FL;8;TTCCTCA;FALSE
exp20;ZNF142_DBD_2;9;TGGATGT;FALSE
exp20;TET2_FL;10;GATTGGT;TRUE
exp20;TET3_FL;11;GTTAAGG;FALSE
exp20;ZXDA_DBD;12;GGTTTAC;FALSE
exp21;ZXDB_DBD;1;AAGATCC;TRUE
exp21;ZXDB_FL;2;ACTTGGA;FALSE
exp21;ZNF703_DBD;3;AGAGGAT;FALSE
exp21;ZNF703_FL;4;CACACAA;FALSE
exp21;ZNF705E_FL;5;CCATTAG;FALSE
exp21;ZNF709_FL;6;CTCTCAG;FALSE
exp21;ZNF888_DBD;7;TAGGAAG;FALSE
exp21;ZNF888_FL;8;TTCCTCA;FALSE
exp21;ZNF92_FL;9;TGGATGT;FALSE
exp21;ZSCAN12_DBD;10;GATTGGT;FALSE
exp21;ZSCAN12_FL;11;GTTAAGG;FALSE
exp21;CENPA_FL;12;GGTTTAC;FALSE
exp22;KCNIP3_FL;1;AAGATCC;FALSE
exp22;DRAP1_FL;2;ACTTGGA;FALSE
exp22;KDM5B_DBD;3;AGAGGAT;FALSE
exp22;RFX5_FL;4;CACACAA;TRUE
exp22;SCML4_FL;5;CCATTAG;FALSE
exp22;TBPL1_FL;6;CTCTCAG;FALSE
exp22;TERF1_FL;7;TAGGAAG;FALSE
exp22;ZBED4_DBD;8;TTCCTCA;TRUE
exp22;AKAP8_DBD;9;TGGATGT;FALSE
exp22;ZNF248_FL;10;GATTGGT;FALSE
exp22;ZNF8_FL;11;GTTAAGG;TRUE
exp22;ZNF671_FL;12;GGTTTAC;FALSE
exp23;ZNF343_FL;1;AAGATCC;FALSE
exp23;ZNF445_FL;2;ACTTGGA;TRUE
exp23;ZNF75D_FL;3;AGAGGAT;FALSE
exp23;ZNF688_FL;4;CACACAA;FALSE
exp23;ZNF10_FL;5;CCATTAG;FALSE
exp23;ZNF417_FL;6;CTCTCAG;FALSE
exp23;ZNF792_FL;7;TAGGAAG;FALSE
exp23;ZNF777_FL;8;TTCCTCA;TRUE
exp23;ZFP57_FL;9;TGGATGT;FALSE
exp23;FAM200B_DBD;10;GATTGGT;TRUE
exp23;CXXC4_FL;11;GTTAAGG;TRUE
exp23;CAMTA1_DBD;12;GGTTTAC;FALSE
